filename,method,prediction,CER
01_HighQuality.jpg,raw_gray,571012022000056,0.0
01_HighQuality.jpg,global_only,571012022000056,0.0
01_HighQuality.jpg,stretch,571012022000056,0.0
01_HighQuality.jpg,clahe,571012022000056,0.0
01_HighQuality.jpg,unsharp,571012022000056,0.0
01_HighQuality.jpg,median_clahe,571012022000056,0.0
01_HighQuality.jpg,x2_clahe,571012022000056,0.0
01_HighQuality.jpg,denoise_clahe_x2,571012022000056,0.0
01_HighQuality.jpg,otsu,571012022000056,0.0
01_HighQuality.jpg,adaptive,571012022000056,0.0
01_HighQuality.jpg,clahe_otsu,571012022000056,0.0
02_LowContrast.jpg,raw_gray,571012022000056,0.0
02_LowContrast.jpg,global_only,571012022000056,0.0
02_LowContrast.jpg,stretch,571012022000056,0.0
02_LowContrast.jpg,clahe,571012022000056,0.0
02_LowContrast.jpg,unsharp,571012022000056,0.0
02_LowContrast.jpg,median_clahe,571012022000056,0.0
02_LowContrast.jpg,x2_clahe,571012022000056,0.0
02_LowContrast.jpg,denoise_clahe_x2,571012022000056,0.0
02_LowContrast.jpg,otsu,571012022000056,0.0
02_LowContrast.jpg,adaptive,0012571012022000056,0.2667
02_LowContrast.jpg,clahe_otsu,571012022000056,0.0
03_Blurred.jpg,raw_gray,571012022000056,0.0
03_Blurred.jpg,global_only,571012022000056,0.0
03_Blurred.jpg,stretch,571012022000056,0.0
03_Blurred.jpg,clahe,71012022000056,0.0667
03_Blurred.jpg,unsharp,571012022000056,0.0
03_Blurred.jpg,median_clahe,71012022000056,0.0667
03_Blurred.jpg,x2_clahe,571012022000056,0.0
03_Blurred.jpg,denoise_clahe_x2,71012022000056,0.0667
03_Blurred.jpg,otsu,71012022000056,0.0667
03_Blurred.jpg,adaptive,71012022000056,0.0667
03_Blurred.jpg,clahe_otsu,71012022000056,0.0667
04_HighNoise.jpg,raw_gray,571012022000056,0.0
04_HighNoise.jpg,global_only,571012022000056,0.0
04_HighNoise.jpg,stretch,571012022000056,0.0
04_HighNoise.jpg,clahe,571012022000056,0.0
04_HighNoise.jpg,unsharp,571012022000056,0.0
04_HighNoise.jpg,median_clahe,571012022000056,0.0
04_HighNoise.jpg,x2_clahe,,1.0
04_HighNoise.jpg,denoise_clahe_x2,571012022000056,0.0
04_HighNoise.jpg,otsu,571012022000056,0.0
04_HighNoise.jpg,adaptive,,1.0
04_HighNoise.jpg,clahe_otsu,571012022000056,0.0
05_LowResolution.jpg,raw_gray,571012022000056,0.0
05_LowResolution.jpg,global_only,571012022000056,0.0
05_LowResolution.jpg,stretch,571012022000056,0.0
05_LowResolution.jpg,clahe,571012022000056,0.0
05_LowResolution.jpg,unsharp,571012022000056,0.0
05_LowResolution.jpg,median_clahe,571012022000056,0.0
05_LowResolution.jpg,x2_clahe,571012022000056,0.0
05_LowResolution.jpg,denoise_clahe_x2,571012022000056,0.0
05_LowResolution.jpg,otsu,571012022000056,0.0
05_LowResolution.jpg,adaptive,571012022000056,0.0
05_LowResolution.jpg,clahe_otsu,71012022000056,0.0667
06_Faded.jpg,raw_gray,571012022000056,0.0
06_Faded.jpg,global_only,571012022000056,0.0
06_Faded.jpg,stretch,571012022000056,0.0
06_Faded.jpg,clahe,571012022000056,0.0
06_Faded.jpg,unsharp,571012022000056,0.0
06_Faded.jpg,median_clahe,571012022000056,0.0
06_Faded.jpg,x2_clahe,571012022000056,0.0
06_Faded.jpg,denoise_clahe_x2,571012022000056,0.0
06_Faded.jpg,otsu,571012022000056,0.0
06_Faded.jpg,adaptive,571012022000056,0.0
06_Faded.jpg,clahe_otsu,571012022000056,0.0
07_ColorShift.jpg,raw_gray,571012022000056,0.0
07_ColorShift.jpg,global_only,571012022000056,0.0
07_ColorShift.jpg,stretch,571012022000056,0.0
07_ColorShift.jpg,clahe,571012022000056,0.0
07_ColorShift.jpg,unsharp,571012022000056,0.0
07_ColorShift.jpg,median_clahe,571012022000056,0.0
07_ColorShift.jpg,x2_clahe,571012022000056,0.0
07_ColorShift.jpg,denoise_clahe_x2,571012022000056,0.0
07_ColorShift.jpg,otsu,571012022000056,0.0
07_ColorShift.jpg,adaptive,571012022000056,0.0
07_ColorShift.jpg,clahe_otsu,571012022000056,0.0
08_JPEGArtifacts.jpg,raw_gray,571012022000056,0.0
08_JPEGArtifacts.jpg,global_only,571012022000056,0.0
08_JPEGArtifacts.jpg,stretch,571012022000056,0.0
08_JPEGArtifacts.jpg,clahe,571012022000056,0.0
08_JPEGArtifacts.jpg,unsharp,5710120220000561,0.0667
08_JPEGArtifacts.jpg,median_clahe,571012022000056,0.0
08_JPEGArtifacts.jpg,x2_clahe,571012022000056,0.0
08_JPEGArtifacts.jpg,denoise_clahe_x2,571012022000056,0.0
08_JPEGArtifacts.jpg,otsu,571012022000056,0.0
08_JPEGArtifacts.jpg,adaptive,571012022000056-27,0.2
08_JPEGArtifacts.jpg,clahe_otsu,71012022000056,0.0667
09_Combined.jpg,raw_gray,71012022000056,0.0667
09_Combined.jpg,global_only,5712072000086,0.2667
09_Combined.jpg,stretch,,1.0
09_Combined.jpg,clahe,,1.0
09_Combined.jpg,unsharp,,1.0
09_Combined.jpg,median_clahe,710120720000560,0.2
09_Combined.jpg,x2_clahe,,1.0
09_Combined.jpg,denoise_clahe_x2,,1.0
09_Combined.jpg,otsu,,1.0
09_Combined.jpg,adaptive,,1.0
09_Combined.jpg,clahe_otsu,,1.0
NoSig_HighQuality.jpg,raw_gray,571012022000056,0.0
NoSig_HighQuality.jpg,global_only,571012022000056,0.0
NoSig_HighQuality.jpg,stretch,571012022000056,0.0
NoSig_HighQuality.jpg,clahe,571012022000056,0.0
NoSig_HighQuality.jpg,unsharp,571012022000056,0.0
NoSig_HighQuality.jpg,median_clahe,571012022000056,0.0
NoSig_HighQuality.jpg,x2_clahe,571012022000056,0.0
NoSig_HighQuality.jpg,denoise_clahe_x2,571012022000056,0.0
NoSig_HighQuality.jpg,otsu,571012022000056,0.0
NoSig_HighQuality.jpg,adaptive,571012022000056,0.0
NoSig_HighQuality.jpg,clahe_otsu,571012022000056,0.0
NoSig_Blurred.jpg,raw_gray,571012022000056,0.0
NoSig_Blurred.jpg,global_only,571012022000056,0.0
NoSig_Blurred.jpg,stretch,571012022000056,0.0
NoSig_Blurred.jpg,clahe,71012022000056,0.0667
NoSig_Blurred.jpg,unsharp,571012022000056,0.0
NoSig_Blurred.jpg,median_clahe,71012022000056,0.0667
NoSig_Blurred.jpg,x2_clahe,571012022000056,0.0
NoSig_Blurred.jpg,denoise_clahe_x2,71012022000056,0.0667
NoSig_Blurred.jpg,otsu,71012022000056,0.0667
NoSig_Blurred.jpg,adaptive,71012022000056,0.0667
NoSig_Blurred.jpg,clahe_otsu,71012022000056,0.0667
NoSig_HighNoise.jpg,raw_gray,571012022000056,0.0
NoSig_HighNoise.jpg,global_only,571012022000056,0.0
NoSig_HighNoise.jpg,stretch,571012022000056,0.0
NoSig_HighNoise.jpg,clahe,571012022000056,0.0
NoSig_HighNoise.jpg,unsharp,571012022000056,0.0
NoSig_HighNoise.jpg,median_clahe,571012022000056,0.0
NoSig_HighNoise.jpg,x2_clahe,,1.0
NoSig_HighNoise.jpg,denoise_clahe_x2,5710120220000561,0.0667
NoSig_HighNoise.jpg,otsu,571012022000056,0.0
NoSig_HighNoise.jpg,adaptive,,1.0
NoSig_HighNoise.jpg,clahe_otsu,571012022000056,0.0
