filename,nomor_ijazah,tanda_tangan
01_HighQuality.jpg,571012022000056,PRESENT
02_LowContrast.jpg,571012022000056,PRESENT
03_Blurred.jpg,571012022000056,PRESENT
04_HighNoise.jpg,571012022000056,PRESENT
05_LowResolution.jpg,571012022000056,PRESENT
06_Faded.jpg,571012022000056,PRESENT
07_ColorShift.jpg,571012022000056,PRESENT
08_JPEGArtifacts.jpg,571012022000056,PRESENT
09_Combined.jpg,571012022000056,PRESENT
NoSig_HighQuality.jpg,571012022000056,ABSENT
NoSig_Blurred.jpg,571012022000056,ABSENT
NoSig_HighNoise.jpg,571012022000056,ABSENT
