image,roi,method,threshold,fg_pixels,fg_ratio,n_components,largest_area,largest_span_ratio,truth,prediction,correct
01_HighQuality_Enhanced.jpg,ttd_rektor,global,110.0,8134,0.03354655646701228,2,5972,0.6501614639397201,SIGNATURE PRESENT,SIGNATURE PRESENT,True
01_HighQuality_Enhanced.jpg,ttd_rektor,otsu,157.0,10063,0.041502212653988756,2,7235,0.6523143164693218,SIGNATURE PRESENT,SIGNATURE PRESENT,True
01_HighQuality_Enhanced.jpg,ttd_rektor,adaptive,,10632,0.04384890439602589,3,7465,0.6533907427341227,SIGNATURE PRESENT,SIGNATURE PRESENT,True
01_HighQuality_Enhanced.jpg,ttd_dekan,global,110.0,16817,0.06442110263246606,20,7339,0.3264840182648402,SIGNATURE PRESENT,SIGNATURE ABSENT,False
01_HighQuality_Enhanced.jpg,ttd_dekan,otsu,167.0,25859,0.09905841071373847,7,25512,0.884703196347032,SIGNATURE PRESENT,SIGNATURE PRESENT,True
01_HighQuality_Enhanced.jpg,ttd_dekan,adaptive,,27330,0.10469338972143054,4,27241,0.8858447488584474,SIGNATURE PRESENT,SIGNATURE PRESENT,True
01_HighQuality_Enhanced.jpg,neg_kiri,global,110.0,0,0.0,0,0,0.0,SIGNATURE ABSENT,SIGNATURE ABSENT,True
01_HighQuality_Enhanced.jpg,neg_kiri,otsu,246.0,149691,0.5513927463735552,260,134993,1.0,SIGNATURE ABSENT,SIGNATURE ABSENT,True
01_HighQuality_Enhanced.jpg,neg_kiri,adaptive,,12,4.420247681211737e-05,1,12,0.0043907793633369925,SIGNATURE ABSENT,SIGNATURE ABSENT,True
01_HighQuality_Enhanced.jpg,neg_kanan,global,110.0,82,0.0003425487296455038,1,82,0.018610421836228287,SIGNATURE ABSENT,SIGNATURE ABSENT,True
01_HighQuality_Enhanced.jpg,neg_kanan,otsu,152.0,108,0.00045116174148432213,1,108,0.019851116625310174,SIGNATURE ABSENT,SIGNATURE ABSENT,True
01_HighQuality_Enhanced.jpg,neg_kanan,adaptive,,136,0.0005681296003876649,1,136,0.022332506203473945,SIGNATURE ABSENT,SIGNATURE ABSENT,True
01_HighQuality_Enhanced.jpg,neg_noda,global,110.0,125,0.0006887621566520649,1,125,0.036036036036036036,SIGNATURE ABSENT,SIGNATURE ABSENT,True
01_HighQuality_Enhanced.jpg,neg_noda,otsu,151.0,147,0.0008099842962228283,1,147,0.03903903903903904,SIGNATURE ABSENT,SIGNATURE ABSENT,True
01_HighQuality_Enhanced.jpg,neg_noda,adaptive,,208,0.001146100228669036,3,175,0.042042042042042045,SIGNATURE ABSENT,SIGNATURE ABSENT,True
01_HighQuality_Enhanced.jpg,neg_teks,global,110.0,4855,0.04496702726733847,54,342,0.032157676348547715,SIGNATURE ABSENT,SIGNATURE ABSENT,True
01_HighQuality_Enhanced.jpg,neg_teks,otsu,178.0,10436,0.09665826911677534,21,2356,0.16597510373443983,SIGNATURE ABSENT,SIGNATURE ABSENT,True
01_HighQuality_Enhanced.jpg,neg_teks,adaptive,,11161,0.10337322169531712,22,2374,0.16701244813278007,SIGNATURE ABSENT,SIGNATURE ABSENT,True
02_LowContrast.jpg,ttd_rektor,global,110.0,0,0.0,0,0,0.0,SIGNATURE PRESENT,SIGNATURE ABSENT,False
02_LowContrast.jpg,ttd_rektor,otsu,197.0,10098,0.0416465610036747,2,7264,0.6512378902045209,SIGNATURE PRESENT,SIGNATURE PRESENT,True
02_LowContrast.jpg,ttd_rektor,adaptive,,10079,0.04156820047098805,2,7098,0.6533907427341227,SIGNATURE PRESENT,SIGNATURE PRESENT,True
02_LowContrast.jpg,ttd_dekan,global,110.0,0,0.0,0,0,0.0,SIGNATURE PRESENT,SIGNATURE ABSENT,False
02_LowContrast.jpg,ttd_dekan,otsu,202.0,25843,0.09899711930372958,9,25503,0.884703196347032,SIGNATURE PRESENT,SIGNATURE PRESENT,True
02_LowContrast.jpg,ttd_dekan,adaptive,,25266,0.09678679783028409,5,25207,0.8858447488584474,SIGNATURE PRESENT,SIGNATURE PRESENT,True
02_LowContrast.jpg,neg_kiri,global,110.0,0,0.0,0,0,0.0,SIGNATURE ABSENT,SIGNATURE ABSENT,True
02_LowContrast.jpg,neg_kiri,otsu,244.0,190672,0.7023478882266703,26,189651,1.0,SIGNATURE ABSENT,SIGNATURE ABSENT,True
02_LowContrast.jpg,neg_kiri,adaptive,,5,1.841769867171557e-05,1,5,0.003293084522502744,SIGNATURE ABSENT,SIGNATURE ABSENT,True
02_LowContrast.jpg,neg_kanan,global,110.0,0,0.0,0,0,0.0,SIGNATURE ABSENT,SIGNATURE ABSENT,True
02_LowContrast.jpg,neg_kanan,otsu,194.0,108,0.00045116174148432213,1,108,0.019851116625310174,SIGNATURE ABSENT,SIGNATURE ABSENT,True
02_LowContrast.jpg,neg_kanan,adaptive,,126,0.0005263553650650425,1,126,0.022332506203473945,SIGNATURE ABSENT,SIGNATURE ABSENT,True
02_LowContrast.jpg,neg_noda,global,110.0,0,0.0,0,0,0.0,SIGNATURE ABSENT,SIGNATURE ABSENT,True
02_LowContrast.jpg,neg_noda,otsu,193.0,147,0.0008099842962228283,1,147,0.03903903903903904,SIGNATURE ABSENT,SIGNATURE ABSENT,True
02_LowContrast.jpg,neg_noda,adaptive,,178,0.0009807973110725404,2,161,0.03903903903903904,SIGNATURE ABSENT,SIGNATURE ABSENT,True
02_LowContrast.jpg,neg_teks,global,110.0,0,0.0,0,0,0.0,SIGNATURE ABSENT,SIGNATURE ABSENT,True
02_LowContrast.jpg,neg_teks,otsu,208.0,10466,0.09693612922347362,21,2356,0.16597510373443983,SIGNATURE ABSENT,SIGNATURE ABSENT,True
02_LowContrast.jpg,neg_teks,adaptive,,9978,0.09241627148784826,22,1697,0.1358921161825726,SIGNATURE ABSENT,SIGNATURE ABSENT,True
03_Blurred.jpg,ttd_rektor,global,110.0,2295,0.009465127500835158,14,1371,0.13132400430570507,SIGNATURE PRESENT,SIGNATURE ABSENT,False
03_Blurred.jpg,ttd_rektor,otsu,193.0,13923,0.05742177350506663,2,9831,0.6523143164693218,SIGNATURE PRESENT,SIGNATURE PRESENT,True
03_Blurred.jpg,ttd_rektor,adaptive,,12436,0.051289030762695434,2,8477,0.6533907427341227,SIGNATURE PRESENT,SIGNATURE PRESENT,True
03_Blurred.jpg,ttd_dekan,global,110.0,4986,0.01909993564401949,25,825,0.0639269406392694,SIGNATURE PRESENT,SIGNATURE ABSENT,False
03_Blurred.jpg,ttd_dekan,otsu,197.0,33639,0.1288613588305599,8,33340,0.8858447488584474,SIGNATURE PRESENT,SIGNATURE PRESENT,True
03_Blurred.jpg,ttd_dekan,adaptive,,29803,0.11416674328092918,4,29724,0.886986301369863,SIGNATURE PRESENT,SIGNATURE PRESENT,True
03_Blurred.jpg,neg_kiri,global,110.0,0,0.0,0,0,0.0,SIGNATURE ABSENT,SIGNATURE ABSENT,True
03_Blurred.jpg,neg_kiri,otsu,247.0,106244,0.39135399553554984,328,89787,0.5433589462129528,SIGNATURE ABSENT,SIGNATURE ABSENT,True
03_Blurred.jpg,neg_kiri,adaptive,,0,0.0,0,0,0.0,SIGNATURE ABSENT,SIGNATURE ABSENT,True
03_Blurred.jpg,neg_kanan,global,110.0,28,0.00011696785890334277,1,28,0.009925558312655087,SIGNATURE ABSENT,SIGNATURE ABSENT,True
03_Blurred.jpg,neg_kanan,otsu,197.0,159,0.0006642103416296965,1,159,0.02109181141439206,SIGNATURE ABSENT,SIGNATURE ABSENT,True
03_Blurred.jpg,neg_kanan,adaptive,,174,0.0007268716946136301,1,174,0.022332506203473945,SIGNATURE ABSENT,SIGNATURE ABSENT,True
03_Blurred.jpg,neg_noda,global,110.0,66,0.0003636664187122903,1,66,0.024024024024024024,SIGNATURE ABSENT,SIGNATURE ABSENT,True
03_Blurred.jpg,neg_noda,otsu,189.0,200,0.0011020194506433038,1,200,0.042042042042042045,SIGNATURE ABSENT,SIGNATURE ABSENT,True
03_Blurred.jpg,neg_noda,adaptive,,221,0.0012177314929608509,2,215,0.04504504504504504,SIGNATURE ABSENT,SIGNATURE ABSENT,True
03_Blurred.jpg,neg_teks,global,110.0,0,0.0,0,0,0.0,SIGNATURE ABSENT,SIGNATURE ABSENT,True
03_Blurred.jpg,neg_teks,otsu,209.0,16046,0.14861810906935388,14,4814,0.22510373443983403,SIGNATURE ABSENT,SIGNATURE ABSENT,True
03_Blurred.jpg,neg_teks,adaptive,,12033,0.1114496887966805,20,2692,0.18153526970954356,SIGNATURE ABSENT,SIGNATURE ABSENT,True
04_HighNoise.jpg,ttd_rektor,global,110.0,7243,0.02987185990786451,2,5400,0.6490850376749193,SIGNATURE PRESENT,SIGNATURE PRESENT,True
04_HighNoise.jpg,ttd_rektor,otsu,164.0,9988,0.0411928947618046,2,7194,0.6512378902045209,SIGNATURE PRESENT,SIGNATURE PRESENT,True
04_HighNoise.jpg,ttd_rektor,adaptive,,10451,0.043102417216221454,3,7349,0.6533907427341227,SIGNATURE PRESENT,SIGNATURE PRESENT,True
04_HighNoise.jpg,ttd_dekan,global,110.0,13131,0.05030109405166866,39,4075,0.20205479452054795,SIGNATURE PRESENT,SIGNATURE ABSENT,False
04_HighNoise.jpg,ttd_dekan,otsu,173.0,25480,0.09760657043915295,9,25133,0.8835616438356164,SIGNATURE PRESENT,SIGNATURE PRESENT,True
04_HighNoise.jpg,ttd_dekan,adaptive,,26642,0.10205785909104839,4,26559,0.8858447488584474,SIGNATURE PRESENT,SIGNATURE PRESENT,True
04_HighNoise.jpg,neg_kiri,global,110.0,0,0.0,0,0,0.0,SIGNATURE ABSENT,SIGNATURE ABSENT,True
04_HighNoise.jpg,neg_kiri,otsu,238.0,171946,0.6333699231613611,39,171490,1.0,SIGNATURE ABSENT,SIGNATURE ABSENT,True
04_HighNoise.jpg,neg_kiri,adaptive,,10,3.683539734343114e-05,1,10,0.0043907793633369925,SIGNATURE ABSENT,SIGNATURE ABSENT,True
04_HighNoise.jpg,neg_kanan,global,110.0,71,0.0002965970707906192,1,71,0.016129032258064516,SIGNATURE ABSENT,SIGNATURE ABSENT,True
04_HighNoise.jpg,neg_kanan,otsu,162.0,106,0.00044280689441979763,1,106,0.019851116625310174,SIGNATURE ABSENT,SIGNATURE ABSENT,True
04_HighNoise.jpg,neg_kanan,adaptive,,133,0.0005555973297908782,1,133,0.022332506203473945,SIGNATURE ABSENT,SIGNATURE ABSENT,True
04_HighNoise.jpg,neg_noda,global,110.0,112,0.0006171308923602502,1,112,0.03303303303303303,SIGNATURE ABSENT,SIGNATURE ABSENT,True
04_HighNoise.jpg,neg_noda,otsu,153.0,147,0.0008099842962228283,1,147,0.03903903903903904,SIGNATURE ABSENT,SIGNATURE ABSENT,True
04_HighNoise.jpg,neg_noda,adaptive,,195,0.0010744689643772212,2,171,0.03903903903903904,SIGNATURE ABSENT,SIGNATURE ABSENT,True
04_HighNoise.jpg,neg_teks,global,110.0,2905,0.02690612033195021,67,218,0.022821576763485476,SIGNATURE ABSENT,SIGNATURE ABSENT,True
04_HighNoise.jpg,neg_teks,otsu,182.0,10299,0.09538937462951985,20,2329,0.16493775933609958,SIGNATURE ABSENT,SIGNATURE ABSENT,True
04_HighNoise.jpg,neg_teks,adaptive,,10740,0.09947391819798458,21,2301,0.16701244813278007,SIGNATURE ABSENT,SIGNATURE ABSENT,True
05_LowResolution_Upsampled.jpg,ttd_rektor,global,110.0,6325,0.02608580890753045,2,4778,0.6480086114101185,SIGNATURE PRESENT,SIGNATURE PRESENT,True
05_LowResolution_Upsampled.jpg,ttd_rektor,otsu,176.0,10898,0.04494595185363902,2,7774,0.6523143164693218,SIGNATURE PRESENT,SIGNATURE PRESENT,True
05_LowResolution_Upsampled.jpg,ttd_rektor,adaptive,,11051,0.0455769603536947,2,7685,0.6533907427341227,SIGNATURE PRESENT,SIGNATURE PRESENT,True
05_LowResolution_Upsampled.jpg,ttd_dekan,global,110.0,10676,0.04089669332843002,27,3593,0.20205479452054795,SIGNATURE PRESENT,SIGNATURE ABSENT,False
05_LowResolution_Upsampled.jpg,ttd_dekan,otsu,183.0,27479,0.10526416597713831,9,27144,0.884703196347032,SIGNATURE PRESENT,SIGNATURE PRESENT,True
05_LowResolution_Upsampled.jpg,ttd_dekan,adaptive,,28129,0.10775412950874935,3,28052,0.8858447488584474,SIGNATURE PRESENT,SIGNATURE PRESENT,True
05_LowResolution_Upsampled.jpg,neg_kiri,global,110.0,0,0.0,0,0,0.0,SIGNATURE ABSENT,SIGNATURE ABSENT,True
05_LowResolution_Upsampled.jpg,neg_kiri,otsu,247.0,152157,0.5604763553584452,295,137148,1.0,SIGNATURE ABSENT,SIGNATURE ABSENT,True
05_LowResolution_Upsampled.jpg,neg_kiri,adaptive,,14,5.15695562808036e-05,1,14,0.0043907793633369925,SIGNATURE ABSENT,SIGNATURE ABSENT,True
05_LowResolution_Upsampled.jpg,neg_kanan,global,110.0,66,0.00027570995312930797,1,66,0.016129032258064516,SIGNATURE ABSENT,SIGNATURE ABSENT,True
05_LowResolution_Upsampled.jpg,neg_kanan,otsu,175.0,116,0.0004845811297424201,1,116,0.019851116625310174,SIGNATURE ABSENT,SIGNATURE ABSENT,True
05_LowResolution_Upsampled.jpg,neg_kanan,adaptive,,147,0.0006140812592425496,1,147,0.022332506203473945,SIGNATURE ABSENT,SIGNATURE ABSENT,True
05_LowResolution_Upsampled.jpg,neg_noda,global,110.0,102,0.0005620299198280849,1,102,0.03003003003003003,SIGNATURE ABSENT,SIGNATURE ABSENT,True
05_LowResolution_Upsampled.jpg,neg_noda,otsu,170.0,157,0.0008650852687549935,1,157,0.03903903903903904,SIGNATURE ABSENT,SIGNATURE ABSENT,True
05_LowResolution_Upsampled.jpg,neg_noda,adaptive,,208,0.001146100228669036,2,185,0.042042042042042045,SIGNATURE ABSENT,SIGNATURE ABSENT,True
05_LowResolution_Upsampled.jpg,neg_teks,global,110.0,1593,0.01475437166567872,54,116,0.01970954356846473,SIGNATURE ABSENT,SIGNATURE ABSENT,True
05_LowResolution_Upsampled.jpg,neg_teks,otsu,194.0,11777,0.1090786158861885,19,2708,0.18049792531120332,SIGNATURE ABSENT,SIGNATURE ABSENT,True
05_LowResolution_Upsampled.jpg,neg_teks,adaptive,,11492,0.10643894487255483,20,2400,0.16804979253112035,SIGNATURE ABSENT,SIGNATURE ABSENT,True
06_Faded_Underexposed.jpg,ttd_rektor,global,110.0,8774,0.03618606914698374,2,6383,0.6512378902045209,SIGNATURE PRESENT,SIGNATURE PRESENT,True
06_Faded_Underexposed.jpg,ttd_rektor,otsu,123.0,10156,0.04188576684029711,2,7311,0.6523143164693218,SIGNATURE PRESENT,SIGNATURE PRESENT,True
06_Faded_Underexposed.jpg,ttd_rektor,adaptive,,9677,0.03991025656888097,2,6842,0.6533907427341227,SIGNATURE PRESENT,SIGNATURE PRESENT,True
06_Faded_Underexposed.jpg,ttd_dekan,global,110.0,19073,0.07306319144371916,21,16094,0.6141552511415526,SIGNATURE PRESENT,SIGNATURE PRESENT,True
06_Faded_Underexposed.jpg,ttd_dekan,otsu,127.0,26145,0.10015399466764732,4,25792,0.884703196347032,SIGNATURE PRESENT,SIGNATURE PRESENT,True
06_Faded_Underexposed.jpg,ttd_dekan,adaptive,,23817,0.09123609451135424,5,23757,0.8858447488584474,SIGNATURE PRESENT,SIGNATURE PRESENT,True
06_Faded_Underexposed.jpg,neg_kiri,global,110.0,0,0.0,0,0,0.0,SIGNATURE ABSENT,SIGNATURE ABSENT,True
06_Faded_Underexposed.jpg,neg_kiri,otsu,158.0,166916,0.6148417182976152,115,161460,1.0,SIGNATURE ABSENT,SIGNATURE ABSENT,True
06_Faded_Underexposed.jpg,neg_kiri,adaptive,,0,0.0,0,0,0.0,SIGNATURE ABSENT,SIGNATURE ABSENT,True
06_Faded_Underexposed.jpg,neg_kanan,global,110.0,92,0.0003843229649681263,1,92,0.019851116625310174,SIGNATURE ABSENT,SIGNATURE ABSENT,True
06_Faded_Underexposed.jpg,neg_kanan,otsu,120.0,108,0.00045116174148432213,1,108,0.019851116625310174,SIGNATURE ABSENT,SIGNATURE ABSENT,True
06_Faded_Underexposed.jpg,neg_kanan,adaptive,,118,0.0004929359768069446,1,118,0.02109181141439206,SIGNATURE ABSENT,SIGNATURE ABSENT,True
06_Faded_Underexposed.jpg,neg_noda,global,110.0,137,0.0007548833236906632,1,137,0.036036036036036036,SIGNATURE ABSENT,SIGNATURE ABSENT,True
06_Faded_Underexposed.jpg,neg_noda,otsu,116.0,147,0.0008099842962228283,1,147,0.03903903903903904,SIGNATURE ABSENT,SIGNATURE ABSENT,True
06_Faded_Underexposed.jpg,neg_noda,adaptive,,172,0.0009477367275532413,2,158,0.03903903903903904,SIGNATURE ABSENT,SIGNATURE ABSENT,True
06_Faded_Underexposed.jpg,neg_teks,global,110.0,6211,0.05752630409010077,47,453,0.03423236514522822,SIGNATURE ABSENT,SIGNATURE ABSENT,True
06_Faded_Underexposed.jpg,neg_teks,otsu,131.0,10511,0.09735291938352104,21,2361,0.16597510373443983,SIGNATURE ABSENT,SIGNATURE ABSENT,True
06_Faded_Underexposed.jpg,neg_teks,adaptive,,9200,0.08521043272080617,28,1048,0.08091286307053942,SIGNATURE ABSENT,SIGNATURE ABSENT,True
07_ColorShift_WarmTint.jpg,ttd_rektor,global,110.0,7389,0.030473998737983,2,5484,0.6490850376749193,SIGNATURE PRESENT,SIGNATURE PRESENT,True
07_ColorShift_WarmTint.jpg,ttd_rektor,otsu,163.0,10077,0.041559951993863135,2,7247,0.6512378902045209,SIGNATURE PRESENT,SIGNATURE PRESENT,True
07_ColorShift_WarmTint.jpg,ttd_rektor,adaptive,,10531,0.04343235630121789,2,7397,0.6533907427341227,SIGNATURE PRESENT,SIGNATURE PRESENT,True
07_ColorShift_WarmTint.jpg,ttd_dekan,global,110.0,13980,0.05355336949526524,47,5393,0.2853881278538813,SIGNATURE PRESENT,SIGNATURE ABSENT,False
07_ColorShift_WarmTint.jpg,ttd_dekan,otsu,172.0,25981,0.09952575771505623,7,25633,0.884703196347032,SIGNATURE PRESENT,SIGNATURE PRESENT,True
07_ColorShift_WarmTint.jpg,ttd_dekan,adaptive,,26960,0.10327602586497503,4,26873,0.8858447488584474,SIGNATURE PRESENT,SIGNATURE PRESENT,True
07_ColorShift_WarmTint.jpg,neg_kiri,global,110.0,0,0.0,0,0,0.0,SIGNATURE ABSENT,SIGNATURE ABSENT,True
07_ColorShift_WarmTint.jpg,neg_kiri,otsu,238.0,119567,0.44042979541620314,494,92226,0.7343578485181119,SIGNATURE ABSENT,SIGNATURE ABSENT,True
07_ColorShift_WarmTint.jpg,neg_kiri,adaptive,,10,3.683539734343114e-05,1,10,0.0043907793633369925,SIGNATURE ABSENT,SIGNATURE ABSENT,True
07_ColorShift_WarmTint.jpg,neg_kanan,global,110.0,74,0.0003091293413874059,1,74,0.017369727047146403,SIGNATURE ABSENT,SIGNATURE ABSENT,True
07_ColorShift_WarmTint.jpg,neg_kanan,otsu,158.0,108,0.00045116174148432213,1,108,0.019851116625310174,SIGNATURE ABSENT,SIGNATURE ABSENT,True
07_ColorShift_WarmTint.jpg,neg_kanan,adaptive,,132,0.0005514199062586159,1,132,0.022332506203473945,SIGNATURE ABSENT,SIGNATURE ABSENT,True
07_ColorShift_WarmTint.jpg,neg_noda,global,110.0,115,0.0006336611841198998,1,115,0.03303303303303303,SIGNATURE ABSENT,SIGNATURE ABSENT,True
07_ColorShift_WarmTint.jpg,neg_noda,otsu,156.0,147,0.0008099842962228283,1,147,0.03903903903903904,SIGNATURE ABSENT,SIGNATURE ABSENT,True
07_ColorShift_WarmTint.jpg,neg_noda,adaptive,,192,0.0010579386726175717,2,172,0.03903903903903904,SIGNATURE ABSENT,SIGNATURE ABSENT,True
07_ColorShift_WarmTint.jpg,neg_teks,global,110.0,3380,0.031305572021339656,65,273,0.03112033195020747,SIGNATURE ABSENT,SIGNATURE ABSENT,True
07_ColorShift_WarmTint.jpg,neg_teks,otsu,181.0,10479,0.09705653526970955,21,2356,0.16597510373443983,SIGNATURE ABSENT,SIGNATURE ABSENT,True
07_ColorShift_WarmTint.jpg,neg_teks,adaptive,,10942,0.10134484291641968,20,2332,0.16701244813278007,SIGNATURE ABSENT,SIGNATURE ABSENT,True
08_JPEGCompression_Artifacts.jpg,ttd_rektor,global,110.0,7156,0.02951305115293089,2,5338,0.6490850376749193,SIGNATURE PRESENT,SIGNATURE PRESENT,True
08_JPEGCompression_Artifacts.jpg,ttd_rektor,otsu,169.0,10119,0.04173317001348626,2,7271,0.6523143164693218,SIGNATURE PRESENT,SIGNATURE PRESENT,True
08_JPEGCompression_Artifacts.jpg,ttd_rektor,adaptive,,10583,0.04364681670646557,3,7418,0.6533907427341227,SIGNATURE PRESENT,SIGNATURE PRESENT,True
08_JPEGCompression_Artifacts.jpg,ttd_dekan,global,110.0,13004,0.04981459348472311,46,5137,0.2842465753424658,SIGNATURE PRESENT,SIGNATURE ABSENT,False
08_JPEGCompression_Artifacts.jpg,ttd_dekan,otsu,178.0,26040,0.09975176978946401,8,25711,0.884703196347032,SIGNATURE PRESENT,SIGNATURE PRESENT,True
08_JPEGCompression_Artifacts.jpg,ttd_dekan,adaptive,,27054,0.10363611289877724,4,26966,0.8858447488584474,SIGNATURE PRESENT,SIGNATURE PRESENT,True
08_JPEGCompression_Artifacts.jpg,neg_kiri,global,110.0,0,0.0,0,0,0.0,SIGNATURE ABSENT,SIGNATURE ABSENT,True
08_JPEGCompression_Artifacts.jpg,neg_kiri,otsu,246.0,101821,0.3750616992905502,562,74334,0.6136114160263447,SIGNATURE ABSENT,SIGNATURE ABSENT,True
08_JPEGCompression_Artifacts.jpg,neg_kiri,adaptive,,12,4.420247681211737e-05,1,12,0.0043907793633369925,SIGNATURE ABSENT,SIGNATURE ABSENT,True
08_JPEGCompression_Artifacts.jpg,neg_kanan,global,110.0,72,0.0003007744943228814,1,72,0.017369727047146403,SIGNATURE ABSENT,SIGNATURE ABSENT,True
08_JPEGCompression_Artifacts.jpg,neg_kanan,otsu,166.0,108,0.00045116174148432213,1,108,0.019851116625310174,SIGNATURE ABSENT,SIGNATURE ABSENT,True
08_JPEGCompression_Artifacts.jpg,neg_kanan,adaptive,,133,0.0005555973297908782,1,133,0.022332506203473945,SIGNATURE ABSENT,SIGNATURE ABSENT,True
08_JPEGCompression_Artifacts.jpg,neg_noda,global,110.0,112,0.0006171308923602502,1,112,0.03303303303303303,SIGNATURE ABSENT,SIGNATURE ABSENT,True
08_JPEGCompression_Artifacts.jpg,neg_noda,otsu,161.0,148,0.0008154943934760449,1,148,0.03903903903903904,SIGNATURE ABSENT,SIGNATURE ABSENT,True
08_JPEGCompression_Artifacts.jpg,neg_noda,adaptive,,195,0.0010744689643772212,2,173,0.042042042042042045,SIGNATURE ABSENT,SIGNATURE ABSENT,True
08_JPEGCompression_Artifacts.jpg,neg_teks,global,110.0,2846,0.026359662122110255,67,222,0.03112033195020747,SIGNATURE ABSENT,SIGNATURE ABSENT,True
08_JPEGCompression_Artifacts.jpg,neg_teks,otsu,188.0,10679,0.09890893598103141,22,2434,0.16701244813278007,SIGNATURE ABSENT,SIGNATURE ABSENT,True
08_JPEGCompression_Artifacts.jpg,neg_teks,adaptive,,11001,0.10189130112625963,20,2341,0.16701244813278007,SIGNATURE ABSENT,SIGNATURE ABSENT,True
09_CombinedDegradation.jpg,ttd_rektor,global,110.0,7837,0.03232165761396302,2,5789,0.6490850376749193,SIGNATURE PRESENT,SIGNATURE PRESENT,True
09_CombinedDegradation.jpg,ttd_rektor,otsu,141.0,10737,0.0442819494450837,2,7653,0.6512378902045209,SIGNATURE PRESENT,SIGNATURE PRESENT,True
09_CombinedDegradation.jpg,ttd_rektor,adaptive,,10460,0.043139535363283556,2,7312,0.6533907427341227,SIGNATURE PRESENT,SIGNATURE PRESENT,True
09_CombinedDegradation.jpg,ttd_dekan,global,110.0,15252,0.05842603659097177,30,5837,0.2945205479452055,SIGNATURE PRESENT,SIGNATURE ABSENT,False
09_CombinedDegradation.jpg,ttd_dekan,otsu,146.0,26967,0.10330284085685391,12,26544,0.8858447488584474,SIGNATURE PRESENT,SIGNATURE PRESENT,True
09_CombinedDegradation.jpg,ttd_dekan,adaptive,,26003,0.09961003340381845,4,25949,0.8858447488584474,SIGNATURE PRESENT,SIGNATURE PRESENT,True
09_CombinedDegradation.jpg,neg_kiri,global,110.0,0,0.0,0,0,0.0,SIGNATURE ABSENT,SIGNATURE ABSENT,True
09_CombinedDegradation.jpg,neg_kiri,otsu,189.0,118175,0.4353023081059975,421,87413,0.6487376509330406,SIGNATURE ABSENT,SIGNATURE ABSENT,True
09_CombinedDegradation.jpg,neg_kiri,adaptive,,0,0.0,0,0,0.0,SIGNATURE ABSENT,SIGNATURE ABSENT,True
09_CombinedDegradation.jpg,neg_kanan,global,110.0,80,0.0003341938825809794,1,80,0.017369727047146403,SIGNATURE ABSENT,SIGNATURE ABSENT,True
09_CombinedDegradation.jpg,neg_kanan,otsu,139.0,112,0.0004678714356133711,1,112,0.019851116625310174,SIGNATURE ABSENT,SIGNATURE ABSENT,True
09_CombinedDegradation.jpg,neg_kanan,adaptive,,130,0.0005430650591940915,1,130,0.022332506203473945,SIGNATURE ABSENT,SIGNATURE ABSENT,True
09_CombinedDegradation.jpg,neg_noda,global,110.0,121,0.0006667217676391988,1,121,0.036036036036036036,SIGNATURE ABSENT,SIGNATURE ABSENT,True
09_CombinedDegradation.jpg,neg_noda,otsu,136.0,155,0.0008540650742485605,1,155,0.03903903903903904,SIGNATURE ABSENT,SIGNATURE ABSENT,True
09_CombinedDegradation.jpg,neg_noda,adaptive,,193,0.0010634487698707883,2,173,0.042042042042042045,SIGNATURE ABSENT,SIGNATURE ABSENT,True
09_CombinedDegradation.jpg,neg_teks,global,110.0,3973,0.03679794013040901,59,304,0.032157676348547715,SIGNATURE ABSENT,SIGNATURE ABSENT,True
09_CombinedDegradation.jpg,neg_teks,otsu,153.0,11361,0.105225622406639,20,2537,0.16597510373443983,SIGNATURE ABSENT,SIGNATURE ABSENT,True
09_CombinedDegradation.jpg,neg_teks,adaptive,,10353,0.09588952282157677,22,2155,0.16597510373443983,SIGNATURE ABSENT,SIGNATURE ABSENT,True
